URL,Number of Outlinks
https://www.lemonde.fr,592
https://journal.lemonde.fr,0
https://www.lemonde.fr/,592
https://abo.lemonde.fr/?lmd_medium=BOUTONS_LMFR&lmd_campaign=CTA_LMFR&lmd_position=HEADER&lmd_sequence=5&lmd_type_de_page=Home,26
https://www.lemonde.fr/crise-ukrainienne/,349
https://www.lemonde.fr/donald-trump/,329
https://www.lemonde.fr/guerre-au-proche-orient/,334
https://www.lemonde.fr/gouvernement-bayrou/,327
https://www.lemonde.fr/affaire-betharram/,257
https://www.lemonde.fr/cesars/,313
https://www.lemonde.fr/covid-cinq-ans-apres/,255
https://www.lemonde.fr/congo-rdc/,309
https://www.lemonde.fr/en-direct/,345
https://www.lemonde.fr/actualite-en-continu/,316
https://www.lemonde.fr/international/,340
https://www.lemonde.fr/politique/,336
https://www.lemonde.fr/societe/,340
https://www.lemonde.fr/planete/,345
https://www.lemonde.fr/climat/,339
https://www.lemonde.fr/afrique/,330
https://www.lemonde.fr/les-decodeurs/,372
https://www.lemonde.fr/sport/,341
https://www.lemonde.fr/education/,341
https://www.lemonde.fr/campus/,343
https://www.lemonde.fr/sante/,337
https://www.lemonde.fr/intimites/,355
https://www.lemonde.fr/sciences/,348
https://www.lemonde.fr/pixels/,354
https://www.lemonde.fr/disparitions/,323
https://www.lemonde.fr/le-fil-good/,340
https://www.lemonde.fr/podcasts/,288
https://www.lemonde.fr/le-monde-et-vous/,321
https://www.lemonde.fr/economie/,344
https://www.lemonde.fr/economie-mondiale/,327
https://www.lemonde.fr/economie-francaise/,336
https://www.lemonde.fr/actualite-medias/,322
https://www.lemonde.fr/emploi/,351
https://www.lemonde.fr/argent/,347
https://www.lemonde.fr/tribunes-eco/,340
https://www.lemonde.fr/smart-cities/,335
https://www.lemonde.fr/le-club-de-l-economie/,350
https://www.lemonde.fr/economie/article/2025/03/02/l-ombre-d-elon-musk-plane-depuis-l-espace-sur-les-operateurs-de-telecoms_6572817_3234.html,220
https://www.lemonde.fr/economie/article/2025/02/23/le-soft-power-offensif-des-pays-du-golfe-entre-mega-projets-evenements-sportifs-et-reve-d-influence-culturelle_6560752_3234.html,213
https://www.lemonde.fr/argent/article/2025/03/03/le-locataire-qui-a-finance-des-panneaux-photovoltaiques-ne-peut-demander-au-proprietaire-de-l-indemniser_6574468_1657007.html,224
https://www.lemonde.fr/idees/article/2025/03/02/la-guerre-commerciale-menee-par-les-etats-unis-pourrait-remettre-en-cause-l-hegemonie-du-dollar_6573024_3232.html,221
https://www.lemonde.fr/videos/,354
https://www.lemonde.fr/actualite/,338
https://www.lemonde.fr/eclairages/,380
https://www.lemonde.fr/enquetes-video/,364
https://www.lemonde.fr/les-series/,324
